1,Harrietta,SE,hyesinov0@pagesperso-orange.fr,Non-binary,42717
2,Ber,RU,bwhistlecroft1@xrea.com,Male,27258
3,Hercules,CD,hsowood2@usgs.gov,Male,184540
4,Lazarus,IN,ldesporte3@nydailynews.com,Polygender,123095
5,Dunn,PG,dswain4@state.gov,Male,154866
6,Janene,VE,jhusby5@webnode.com,Female,106203
7,Tandie,AU,tpym6@hao123.com,Female,76542
8,Octavia,BR,odarke7@de.vu,Female,148999
9,Erie,MG,evedenisov8@clickbank.net,Male,48013
10,Dilly,JP,dcape9@si.edu,Male,38213
11,Gannie,US,gtitmarsha@dailymotion.com,Male,50691
12,Brand,VE,bcrowterb@geocities.com,Male,106688
13,Trever,RU,tmildmottc@multiply.com,Male,74878
14,Chance,RU,cfoatd@qq.com,Male,162155
15,Clementina,NI,cyemme@salon.com,Polygender,150322
16,Tessie,US,tprisleyf@salon.com,Female,67479
17,Babb,BO,bmcjarrowg@usatoday.com,Female,36608
18,Tawsha,US,tzellickh@a8.net,Female,168118
19,Robbie,US,rcouplandi@canalblog.com,Male,136746
20,Gregorius,AU,gmartelloj@webmd.com,Polygender,118340
21,Lacey,UA,lharsek@bing.com,Female,139783
22,Dione,US,dpennil@businesswire.com,Female,44024
23,Marshal,CA,mhousiauxm@dot.gov,Male,17159
24,Berne,AU,bpiechnikn@tuttocitta.it,Genderfluid,45914
25,Kirby,NZ,kannotto@shutterfly.com,Bigender,97040
26,Nicolina,AU,ndustingp@businessweek.com,Female,157664
27,Etheline,MX,erawlsq@opensource.org,Female,94326
28,Jud,US,jgamlenr@dion.ne.jp,Male,63261
29,Sutherlan,CA,sblewmens@hugedomains.com,Male,13219
30,Roxy,NG,rjonaht@deviantart.com,Female,146999
31,Erhard,PH,erumensu@youtu.be,Male,100399
32,Bartolemo,ID,bmaccreav@marketwatch.com,Male,165018
33,Dominick,SE,dbudcockw@opera.com,Male,17766
34,Lind,RU,ljeromsonx@who.int,Agender,153025
35,Brander,US,bborhamy@so-net.ne.jp,Male,195108
36,Max,NG,mcharlwoodz@cornell.edu,Male,128674
37,Parsifal,US,plodovichi10@arizona.edu,Male,15705
38,Stanfield,US,smackeeg11@state.tx.us,Male,84088
39,Eleonora,CI,eolney12@oracle.com,Female,33680
40,Aluin,CA,aarchley13@miitbeian.gov.cn,Male,136169
41,Lucina,CN,ltrazzi14@chron.com,Female,103634
42,Joni,VE,jsmythin15@admin.ch,Female,119013
43,Buddy,GL,blampitt16@twitter.com,Male,74308
44,Gawen,BQ,gmorrissey17@free.fr,Male,13129
45,Marwin,BR,mcokely18@yale.edu,Male,111285
46,Emmett,MG,ecauthra19@vk.com,Male,32897
47,Florella,US,fmarlen1a@newsvine.com,Female,134304
48,Bing,US,bnorkett1b@msu.edu,Male,67751
49,Davey,CN,dbickerstaffe1c@who.int,Male,91267
50,Shari,US,shof1d@google.fr,Female,30913
51,Chester,TZ,croocroft1e@narod.ru,Male,144131
52,Veronica,IN,vmuspratt1f@salon.com,Female,18038
53,Ruggiero,CN,radney1g@virginia.edu,Male,151505
54,Liesa,CN,ldannell1h@cnbc.com,Female,142436
55,Delainey,CR,dlowseley1i@blogtalkradio.com,Agender,162421
56,Floria,US,fhymus1j@miitbeian.gov.cn,Female,168549
57,Nelie,KE,nsaward1k@privacy.gov.au,Female,81177
58,Fernandina,EG,fgulvin1l@desdev.cn,Female,146971
59,Rae,CA,relvy1m@seattletimes.com,Female,62372
60,Jerrilyn,CR,jbriat1n@amazon.co.uk,Female,99241
61,Ingamar,PG,inorcott1o@mit.edu,Male,130059
62,Ansell,RU,aroscrigg1p@xinhuanet.com,Male,37369
63,Hoyt,CN,hliveley1q@ucla.edu,Male,41470
64,Torrence,CA,tbaccup1r@nsw.gov.au,Male,76304
65,Dill,CZ,dspiers1s@last.fm,Male,63662
66,Dodie,PG,djeskin1t@go.com,Female,116374
67,Jackson,BR,jginnane1u@domainmarket.com,Male,70842
68,Alistair,DE,adilkes1v@dion.ne.jp,Male,55103
69,Mitchell,RW,mriggs1w@smugmug.com,Male,80989
70,Eleni,CA,elupton1x@washingtonpost.com,Female,33537
71,Michele,US,mmayho1y@japanpost.jp,Male,166541
72,Clemmy,AU,ctilston1z@over-blog.com,Male,104524
73,Audra,TR,aarling20@typepad.com,Female,193811
74,Sheelagh,TR,svivians21@people.com.cn,Female,88089
75,Filip,NO,fbestar22@psu.edu,Male,84802
76,Bartholomew,PG,bescoffier23@epa.gov,Male,96719
77,Dorette,SE,dskynner24@mit.edu,Female,28886
78,Marlo,VU,mchinnock25@over-blog.com,Bigender,44273
79,Brand,GA,bglasby26@diigo.com,Male,175546
80,Perry,VU,phacard27@soup.io,Male,119864
81,Teador,US,tlankford28@wufoo.com,Male,42066
82,Bell,US,bvanyatin29@globo.com,Female,40432
83,Deny,BR,dmaass2a@addtoany.com,Genderfluid,58231
84,Noland,US,nfronek2b@soundcloud.com,Male,81169
85,Emmott,US,emarlen2c@skyrock.com,Male,59724
86,Cori,GB,chovert2d@clickbank.net,Male,181085
87,Grenville,CO,ggonsalo2e@php.net,Male,134276
88,Evonne,NO,egriffen2f@qq.com,Genderqueer,169001
89,Iris,SB,igolledge2g@freewebs.com,Female,26634
90,Tresa,MX,tsargant2h@seattletimes.com,Female,139969
91,Corey,US,cconquer2i@wix.com,Male,39412
92,Caro,PG,cjosephsen2j@freewebs.com,Female,36658
93,Swen,PG,sferrea2k@umn.edu,Male,91559
94,Francis,FR,fjills2l@ftc.gov,Male,30840
95,Tabby,PF,tmeric2m@google.pl,Genderqueer,87094
96,Russell,AR,rshorthill2n@gnu.org,Male,66011
97,Alain,BR,awilcocke2o@networksolutions.com,Male,114345
98,Uriah,US,usmiths2p@msu.edu,Male,41916
99,Britt,AU,bfucher2q@hibu.com,Female,103309
100,Dugald,FI,dgillfillan2r@networkadvertising.org,Male,21018
101,Fifi,AU,fjoire2s@utexas.edu,Female,106366
102,Gaston,PG,glebarree2t@economist.com,Male,106559
103,Ferguson,KP,fgunthorpe2u@cargocollective.com,Male,50665
104,Delphinia,AF,djime2v@nih.gov,Female,155206
105,Chadwick,US,cheadech2w@china.com.cn,Male,62782
106,Jere,PG,jmarskell2x@youtu.be,Male,181413
107,Leisha,CA,lprinett2y@parallels.com,Female,159219
108,Othello,MS,obrotherwood2z@nih.gov,Male,47866
109,Marve,CA,marnold30@howstuffworks.com,Male,140403
110,Morgen,PT,mcrichmere31@is.gd,Female,192963
111,Nadeen,BR,nheinle32@ustream.tv,Female,102525
112,Markus,ID,mkeary33@soup.io,Male,123138
113,Rhodie,GA,randriolli34@biglobe.ne.jp,Genderqueer,193566
114,Angelique,VU,acorston35@cbslocal.com,Female,90485
115,Alexia,US,adivisek36@spotify.com,Female,31258
116,Riley,US,rstuckford37@sina.com.cn,Male,17486
117,Codie,CA,cmcgrayle38@technorati.com,Female,182160
118,Leda,DE,llethbrig39@mediafire.com,Female,85429
119,Karel,IL,kbiddiss3a@spiegel.de,Male,184378
120,Gianina,ID,gpoplee3b@nifty.com,Female,113798
121,Bendite,CD,bstoyell3c@npr.org,Female,98935
122,Lazarus,US,lpendrid3d@paginegialle.it,Male,151860
123,Fee,RU,fstoddart3e@cdbaby.com,Male,170074
124,Tristam,FR,thansberry3f@fema.gov,Male,178781
125,Michele,IQ,mlorman3g@wikia.com,Female,85120
126,Clare,AR,csherreard3h@yellowpages.com,Female,197740
127,Phillipe,LY,pninnis3i@aboutads.info,Male,199703
128,Kippie,CA,kflowith3j@paginegialle.it,Female,159842
129,Isobel,PG,iiacomo3k@pen.io,Female,187670
130,Josefina,US,jfindlay3l@123-reg.co.uk,Female,106403
131,Aldric,US,aheis3m@gizmodo.com,Non-binary,165124
132,Cornelia,CD,chubach3n@epa.gov,Female,160868
133,Gerty,CA,ghebner3o@usda.gov,Female,155617
134,Cyrillus,BR,cmargery3p@gov.uk,Male,31833
135,Saw,PG,sfairbairn3q@shop-pro.jp,Male,61386
136,Britte,BR,bblooman3r@fema.gov,Female,59391
137,Isa,US,iarends3s@unesco.org,Female,119488
138,Lil,JP,lslowcock3t@fda.gov,Female,105762
139,Giuditta,US,ghamlen3u@imdb.com,Female,22109
140,Ysabel,MG,yrushbury3v@psu.edu,Female,188815
141,Warren,ZA,wewbanke3w@usa.gov,Male,160765
142,Grete,BO,gcarswell3x@comcast.net,Female,193433
143,Meara,US,mgarnson3y@ucoz.ru,Female,12725
144,Halette,BZ,hshapera3z@foxnews.com,Female,166651
145,Lisette,CA,lskerme40@biblegateway.com,Female,159902
146,Merola,US,mlay41@bbb.org,Female,22678
147,Jaymee,AU,jsam42@facebook.com,Female,180763
148,Merwyn,NP,mrimer43@hatena.ne.jp,Male,96666
149,Charlean,PG,cscanes44@wunderground.com,Female,101580
150,Row,PH,rroelofs45@hatena.ne.jp,Female,194369
151,Kippar,DE,kleverentz46@blog.com,Male,150261
152,Yvon,PF,yudden47@yahoo.co.jp,Male,155449
153,Herrick,US,hmccloy48@utexas.edu,Male,46826
154,Averil,GB,abrisley49@live.com,Female,24482
155,Nickolas,VE,nellins4a@hexun.com,Male,188630
156,Cob,ML,cdellabbate4b@mayoclinic.com,Male,165065
157,Laird,CA,lblunderfield4c@a8.net,Male,54262
158,Cornell,BR,cfincken4d@elegantthemes.com,Male,43153
159,Jaquith,WS,jhaberjam4e@reddit.com,Female,164372
160,Reeta,CA,rlawler4f@prweb.com,Female,123283
161,Cassy,AR,chenrych4g@dagondesign.com,Female,100956
162,Richard,MM,rlunt4h@ft.com,Male,70143
163,Ninon,VU,nmckirdy4i@scribd.com,Female,12133
164,Benito,ZA,bgrayshan4j@rambler.ru,Male,79507
165,Ive,CN,imatuszinski4k@alibaba.com,Male,80123
166,Zsa zsa,DE,zburgne4l@multiply.com,Female,136941
167,Graig,AF,gheffer4m@dropbox.com,Male,165388
168,Oona,CA,obrokenshire4n@slashdot.org,Female,134335
169,Dulciana,BS,dtugwell4o@reverbnation.com,Female,61235
170,Micah,SH,mbollen4p@cbsnews.com,Male,82786
171,Joela,PY,jlethardy4q@lycos.com,Female,39325
172,Niki,US,nflintuff4r@earthlink.net,Female,16584
173,Kari,CA,kwrathall4s@pagesperso-orange.fr,Female,125306
174,Jackqueline,US,jpalliser4t@vinaora.com,Female,168722
175,Ivar,LY,iledwich4u@ebay.co.uk,Male,74092
176,Dick,US,dcrowcum4v@reuters.com,Male,12637
177,Ganny,ZA,gguynemer4w@g.co,Male,114784
178,Nickolaus,VE,norable4x@studiopress.com,Male,113512
179,Silvester,VE,smosedill4y@merriam-webster.com,Non-binary,10942
180,Risa,US,rdreamer4z@symantec.com,Female,70841
181,Nonie,BR,nthomazin50@nih.gov,Female,57824
182,Sargent,FR,swoolfenden51@github.io,Male,162610
183,Shane,CA,speperell52@google.de,Male,28067
184,Morlee,CA,mcars53@stumbleupon.com,Male,68497
185,Kelly,CA,kbeining54@va.gov,Male,141550
186,Midge,GQ,mclaypole55@altervista.org,Female,137959
187,Haslett,MY,halecock56@canalblog.com,Male,139708
188,Kleon,US,kblethin57@bloglovin.com,Male,11415
189,Car,RU,ckondratowicz58@reuters.com,Male,149698
190,Pate,GB,pgresswell59@topsy.com,Male,17792
191,Mae,CO,mdignon5a@abc.net.au,Female,111773
192,Rosemonde,AO,rfitzgibbon5b@nhs.uk,Female,18467
193,Batsheva,AU,bhedworth5c@sakura.ne.jp,Female,45532
194,Sansone,NO,sconan5d@t-online.de,Male,32671
195,Myrilla,NC,melstub5e@1688.com,Female,128916
196,Ron,BR,rpotell5f@google.com.hk,Male,128649
197,Jasen,IR,jantonignetti5g@icq.com,Male,184275
198,Hill,RU,hkwietak5h@virginia.edu,Male,179110
199,Timmie,CA,thullah5i@si.edu,Male,188907
200,Margette,US,mnutting5j@japanpost.jp,Female,118776
201,Rivalee,RU,rfarfolomeev5k@epa.gov,Female,37204
202,Jonathon,US,jjosephi5l@tinypic.com,Male,171908
203,Dena,VN,dheiss5m@google.ru,Female,16807
204,Rudolph,MR,rskeete5n@meetup.com,Male,64200
205,Rivalee,MH,rkeyte5o@upenn.edu,Female,115581
206,Gerick,MN,gronaghan5p@surveymonkey.com,Male,186363
207,Tomasina,US,tsunter5q@rakuten.co.jp,Female,92363
208,Darb,AU,dposton5r@studiopress.com,Female,39509
209,Leigha,NG,livimy5s@foxnews.com,Female,26134
210,Evelina,AU,eveillard5t@youku.com,Female,186215
211,Lanna,LY,lsebrook5u@dedecms.com,Female,52799
212,Beth,IT,bcownden5v@admin.ch,Female,38737
213,Reeta,VE,raudenis5w@wiley.com,Female,126686
214,Beau,BF,brhodef5x@npr.org,Male,33663
215,Broddy,MX,bcastanos5y@tinyurl.com,Male,98407
216,Robin,US,rfinci5z@istockphoto.com,Male,41539
217,Lazarus,US,lclimpson60@friendfeed.com,Male,152425
218,Lotte,CA,lpietzker61@msu.edu,Female,13428
219,Cornie,ZM,chasnip62@reuters.com,Male,94583
220,Dione,US,dcoughlan63@stanford.edu,Female,104135
221,Dione,VE,drazzell64@usgs.gov,Female,192914
222,Eb,CN,etunnow65@jiathis.com,Male,142557
223,Conney,CA,ccaudelier66@timesonline.co.uk,Male,59718
224,Ashby,HN,acrutcher67@hao123.com,Male,14201
225,Cyrille,PH,clotte68@ycombinator.com,Male,167906
226,Ediva,SZ,emckinlay69@google.fr,Female,62948
227,Jdavie,NC,jhiseman6a@multiply.com,Male,85872
228,Lucais,US,lglanders6b@yahoo.com,Male,13016
229,Thurstan,BR,tgilliam6c@ehow.com,Genderqueer,124405
230,Haskel,RU,hblencowe6d@google.fr,Male,66104
231,Georas,US,gpaolillo6e@artisteer.com,Male,54352
232,Frank,CA,fhanaby6f@ovh.net,Male,16106
233,Burty,CU,bcowhig6g@oaic.gov.au,Male,21233
234,Kimberli,PG,kmctague6h@google.de,Female,47659
235,Zane,MG,ztabbitt6i@altervista.org,Male,141006
236,Inglebert,PK,ikiefer6j@home.pl,Male,68774
237,Silvano,US,sbakewell6k@taobao.com,Male,128592
238,Sibbie,GR,seffemy6l@miibeian.gov.cn,Polygender,164061
239,Hersh,GN,hsyson6m@businessweek.com,Genderfluid,193440
240,Erena,MN,echalder6n@webnode.com,Female,71674
241,Emmett,US,eblodgetts6o@flavors.me,Male,99035
242,Parry,US,pmatteo6p@feedburner.com,Male,75297
243,Donal,US,dmcbratney6q@nydailynews.com,Male,180414
244,Geri,ET,grockhall6r@typepad.com,Male,35563
245,Earl,BO,eyurin6s@umn.edu,Male,98216
246,Howey,US,hlonder6t@bing.com,Male,75440
247,Jena,BD,jarrandale6u@webs.com,Polygender,150648
248,Derrik,US,dlydster6v@t-online.de,Male,82028
249,Windham,ER,wmcguiness6w@bloglines.com,Male,88212
250,Papagena,GB,pmulrean6x@umich.edu,Female,35543
251,Jami,US,jlill6y@blinklist.com,Female,121983
252,Nicolea,US,nreinbach6z@creativecommons.org,Genderfluid,138733
253,Brocky,US,bklaassens70@amazon.co.jp,Male,198663
254,Joete,GB,jgoulbourne71@infoseek.co.jp,Female,81868
255,Matilda,JP,mmattisssen72@xinhuanet.com,Female,32611
256,Sharona,MG,spoure73@webmd.com,Bigender,153303
257,Thorpe,VN,ttierney74@dedecms.com,Male,26123
258,Barri,CA,bcruft75@msu.edu,Male,196929
259,Ferd,SA,fborer76@devhub.com,Male,81766
260,Danila,US,dthormwell77@smugmug.com,Female,34237
261,Ermengarde,MX,ebougourd78@cbc.ca,Female,184975
262,Rayner,PK,rhearson79@google.it,Male,179886
263,Aura,CR,alightbown7a@toplist.cz,Female,139989
264,Gonzales,US,gorable7b@amazon.com,Male,124516
265,Rorie,BD,rdatte7c@fotki.com,Female,115544
266,Des,CR,dboother7d@wunderground.com,Genderqueer,186093
267,Emilio,US,ewiffill7e@github.com,Male,69679
268,Carson,BF,cacton7f@go.com,Male,67734
269,Pooh,CN,pmabone7g@pcworld.com,Male,172676
270,Whitney,RU,wpeyes7h@stanford.edu,Female,87639
271,Kerr,VN,kgrassot7i@biglobe.ne.jp,Male,139092
272,Marcus,MU,mbuckie7j@amazonaws.com,Male,44088
273,Warden,CA,wwomersley7k@xrea.com,Male,191573
274,Rubi,US,rtace7l@yahoo.co.jp,Female,196374
275,Thane,CA,tjoost7m@vinaora.com,Male,152407
276,Heath,MX,hsackett7n@wufoo.com,Female,173331
277,Roarke,CA,rburnitt7o@seattletimes.com,Male,15111
278,Konstance,MM,kguest7p@technorati.com,Female,164931
279,Janeen,AR,jyandle7q@eventbrite.com,Female,135664
280,Baily,BR,bbortoloni7r@reference.com,Male,195937
281,Bernadene,AU,bchatres7s@lulu.com,Female,72548
282,Giffie,US,gmatousek7t@dyndns.org,Male,85317
283,Ewart,AU,eallston7u@mail.ru,Male,71632
284,Valencia,US,vbraddon7v@vimeo.com,Female,113122
285,Catherina,US,clukes7w@acquirethisname.com,Female,63579
286,Udell,CV,uscanes7x@seattletimes.com,Male,167736
287,Nola,MX,ncronshaw7y@delicious.com,Female,40636
288,Viviene,AU,vawcoate7z@sakura.ne.jp,Female,87530
289,Cairistiona,US,ckennington80@wix.com,Female,57338
290,Melony,PG,mrettie81@baidu.com,Female,53852
291,Omar,TO,opeerless82@senate.gov,Male,135543
292,Gregoire,CN,gsarchwell83@storify.com,Male,186539
293,Bobby,MG,bsillett84@umich.edu,Male,142628
294,Kaylee,US,ksimmgen85@xrea.com,Female,57303
295,Alberto,KE,ajentle86@salon.com,Male,64489
296,Cleve,TD,cschettini87@friendfeed.com,Genderfluid,150226
297,Quinn,PH,qdargavel88@topsy.com,Male,73902
298,Harman,TH,hirnys89@elpais.com,Male,69925
299,Stacie,US,sandreix8a@1688.com,Female,123010
300,Calvin,AF,cluberto8b@over-blog.com,Male,90430
301,Caryn,AU,cjahan8c@mashable.com,Agender,130863
302,Rebe,US,rdakin8d@google.es,Female,174933
303,Abbot,VE,amccallum8e@timesonline.co.uk,Male,192049
304,Devi,RU,dsteere8f@google.com.br,Female,31145
305,Gill,IN,gkershow8g@arizona.edu,Female,157045
306,Carolan,US,ccristofalo8h@oakley.com,Female,172945
307,Nelia,US,nrunham8i@usgs.gov,Female,84671
308,Tyne,CA,tsimson8j@time.com,Female,70919
309,Findlay,FJ,fbrixey8k@nih.gov,Male,170417
310,Sherman,CA,swhewell8l@odnoklassniki.ru,Male,66017
311,Kelwin,US,kgronauer8m@house.gov,Male,123989
312,Nikkie,PG,nnorthleigh8n@behance.net,Female,172475
313,Fidela,MG,fbalcock8o@sitemeter.com,Genderqueer,107916
314,Josefina,PR,jtuiller8p@mediafire.com,Female,18205
315,Allie,US,aalldis8q@walmart.com,Female,82755
316,Lindy,RU,lerrol8r@wired.com,Genderqueer,18711
317,Northrop,MG,nfardell8s@blinklist.com,Agender,98392
318,Joy,BR,jkorb8t@goodreads.com,Female,192462
319,Adelind,CO,abohden8u@nymag.com,Female,144291
320,Mureil,MG,mtansley8v@mail.ru,Female,51293
321,Eugenie,EC,ediantonio8w@tamu.edu,Female,20246
322,Catlaina,AU,ccisco8x@photobucket.com,Female,176868
323,Nichole,AU,nchong8y@goo.gl,Male,169075
324,Norean,TH,nfairweather8z@youtube.com,Female,88464
325,Sheffield,CN,short90@techcrunch.com,Male,54168
326,Whitman,US,wharlin91@uiuc.edu,Male,145186
327,Derron,SN,dpeoples92@lycos.com,Male,161633
328,Bernadina,CA,bklaaassen93@princeton.edu,Female,139822
329,Bathsheba,US,bcolicot94@nba.com,Female,128271
330,Galen,RU,gmingo95@mediafire.com,Male,96600
331,Fabien,DZ,fingry96@intel.com,Male,175619
332,Tuesday,US,tparbrook97@walmart.com,Female,128874
333,Rogerio,PG,rhulke98@angelfire.com,Male,46253
334,Cortie,KE,crounsivall99@behance.net,Male,35025
335,Buddie,PG,bspelman9a@bing.com,Male,85300
336,Antonetta,JP,arawsthorn9b@e-recht24.de,Genderqueer,112695
337,Keelia,VE,kwoolens9c@weather.com,Female,123678
338,Ursula,ET,uhaill9d@ox.ac.uk,Female,38249
339,Shannen,BR,sbuddington9e@uol.com.br,Female,36185
340,Remington,CN,ryateman9f@archive.org,Male,76479
341,Kristofer,CA,kgrowcott9g@bandcamp.com,Genderfluid,27567
342,Remus,SO,rweakley9h@google.com,Male,12184
343,Wilton,MX,wdunbar9i@prweb.com,Male,153117
344,Briney,SB,bolanda9j@goo.gl,Female,193708
345,Stern,MH,stagg9k@cocolog-nifty.com,Male,146040
346,Anny,GF,aluxton9l@mapquest.com,Female,88827
347,Marten,PG,mcaig9m@wikipedia.org,Male,140163
348,Bryanty,GA,bwhether9n@altervista.org,Genderqueer,199965
349,Callie,WS,ctwyford9o@umich.edu,Female,106349
350,Prince,GB,phubble9p@economist.com,Male,152544
351,Josiah,NA,jmistry9q@mysql.com,Male,174185
352,Huey,ZA,hgartshore9r@tripadvisor.com,Male,41000
353,Ingeborg,CM,iwerrett9s@sakura.ne.jp,Female,155636
354,Nonna,US,nbadam9t@washington.edu,Female,48661
355,Kory,GB,kwallerbridge9u@blogger.com,Male,157857
356,Perice,PG,pleupold9v@newyorker.com,Male,127157
357,Natasha,US,nlundie9w@ox.ac.uk,Female,67365
358,Turner,US,tsimmons9x@istockphoto.com,Bigender,88182
359,Audrey,US,agerrad9y@sciencedaily.com,Female,121428
360,Arleyne,US,anatalie9z@ifeng.com,Female,95036
361,Drusi,CA,danyona0@amazon.co.jp,Female,81650
362,Kai,US,kmulrenana1@ebay.co.uk,Female,114238
363,Barnaby,US,blinekera2@sciencedirect.com,Male,133275
364,Erminie,PE,ebehnkea3@ovh.net,Female,196498
365,Ethan,US,eelvesa4@mtv.com,Male,179502
366,Odessa,SA,osyrada5@msn.com,Female,36446
367,Dennie,US,dgatteridgea6@nbcnews.com,Male,61082
368,Cob,FJ,cepplea7@businessweek.com,Male,170788
369,Hayward,AU,hdinzeya8@networkadvertising.org,Male,12233
370,Megan,US,mdryburgha9@imageshack.us,Female,179606
371,Mendel,BR,mhanksaa@yellowpages.com,Male,71582
372,Estele,MY,ehadlandab@ebay.co.uk,Female,130727
373,Kelly,ME,khaspineallac@who.int,Female,80764
374,Cherie,US,chodintonad@guardian.co.uk,Female,90050
375,Barney,UA,bmikoae@wordpress.org,Male,122809
376,Janie,CA,jtatchellaf@cafepress.com,Genderfluid,63746
377,Timmy,US,tclementelag@hhs.gov,Female,199951
378,Janice,KR,jmessiterah@bandcamp.com,Female,183534
379,Malina,AU,mklimtai@nytimes.com,Female,85250
380,Harley,IR,hmenelawsaj@slate.com,Female,196606
381,Bette,PH,bgarmansonak@devhub.com,Female,54794
382,Patrice,BR,ppendellal@studiopress.com,Male,122535
383,Tani,US,tpinchbeckam@army.mil,Female,151952
384,Stephani,US,sweippertan@posterous.com,Female,145498
385,Crichton,AU,cdickensonao@printfriendly.com,Male,139664
386,Margarita,SB,mshaylerap@dedecms.com,Genderqueer,194182
387,Fernando,BR,fchildsaq@bloglines.com,Male,110961
388,Cayla,US,ckuhlear@answers.com,Female,61947
389,Armand,ID,afibbingsas@cnet.com,Male,33557
390,Derek,US,dpenniniat@vk.com,Male,59510
391,Clement,VU,cradleighau@istockphoto.com,Male,19044
392,Avictor,US,abourgourdav@opensource.org,Male,92733
393,Delphinia,JP,dminchentonaw@com.com,Female,194534
394,Shell,US,snorthleighax@kickstarter.com,Male,78052
395,Karly,CM,kropkinsay@buzzfeed.com,Female,90067
396,Inger,UA,ifredaaz@webnode.com,Male,186534
397,Brewer,DZ,bbristoweb0@columbia.edu,Male,22739
398,Ellwood,RU,ehaddowb1@wikia.com,Male,165067
399,Adela,DE,aledrunb2@hugedomains.com,Female,192835
400,Konstance,US,ktorfinb3@soundcloud.com,Bigender,42547
401,Sydel,CA,slunkb4@jigsy.com,Female,122918
402,Mendie,GB,mlemingb5@vinaora.com,Male,171847
403,Monti,MX,mmccurdyb6@microsoft.com,Male,68943
404,Germain,SD,gvoiceb7@wired.com,Male,109624
405,Colman,ID,callowayb8@csmonitor.com,Male,193651
406,Gene,ID,gstrussb9@blogspot.com,Female,146429
407,Judy,CN,jthurlbeckba@prweb.com,Female,14040
408,Sutherlan,ZM,sspadabb@jiathis.com,Male,75342
409,Byron,US,bacumbc@weibo.com,Male,176943
410,Edsel,YE,emcrillbd@php.net,Male,55398
411,Mavra,US,mcrowsonbe@godaddy.com,Female,26250
412,Celie,VN,cwilberbf@google.nl,Female,128728
413,Hebert,CA,hfeatherbiebg@redcross.org,Male,173067
414,Desmond,AU,dshearmebh@blinklist.com,Male,185205
415,Arlene,US,atarrbi@patch.com,Female,175413
416,Ysabel,ES,ystockaubj@fastcompany.com,Female,46746
417,Martica,NA,mberettabk@loc.gov,Female,32418
418,Adriaens,CL,aparsonsonbl@springer.com,Female,99463
419,Shannen,CL,slindenmanbm@washington.edu,Female,117172
420,Erskine,KI,eansteebn@hp.com,Male,126488
421,Gianna,IR,gingrembo@photobucket.com,Female,28177
422,Ailene,PG,astokesbp@edublogs.org,Female,148159
423,Kiel,AU,krustonbq@seesaa.net,Male,114966
424,Tyler,TD,tdynebr@g.co,Genderfluid,113639
425,Tess,US,tbernardtbs@tamu.edu,Female,11012
426,Lola,US,lcoltartbt@wix.com,Female,66643
427,Devon,ML,dallowaybu@nih.gov,Female,88133
428,Ernaline,IS,epannamanbv@edublogs.org,Female,34784
429,Ebonee,PG,eonionsbw@pcworld.com,Female,71027
430,Krysta,AG,kmasdinbx@merriam-webster.com,Female,124928
431,Cordelia,NZ,choltumby@loc.gov,Female,166950
432,Kendricks,US,korrombz@alibaba.com,Polygender,37002
433,Leonardo,DO,lrobartc0@globo.com,Male,21754
434,Hastings,PG,hkleinpeltzc1@infoseek.co.jp,Male,138397
435,Odele,SO,ohawksbyc2@narod.ru,Female,38646
436,Elsy,IT,eskamalc3@usatoday.com,Female,129779
437,Harlene,ET,hinskoc4@irs.gov,Female,119419
438,Dorolice,VE,dlittefairc5@amazonaws.com,Female,78572
439,Claybourne,US,cottonc6@de.vu,Male,90066
440,Abrahan,CA,astrobanc7@ucoz.com,Male,148883
441,Chauncey,US,chospitalc8@indiegogo.com,Male,149285
442,Byrom,US,blittledykec9@blog.com,Male,38663
443,Abraham,CG,ablazeyca@dion.ne.jp,Male,113473
444,Sibella,MD,svashchenkocb@jimdo.com,Female,27465
445,Juditha,PG,jchesnutcc@whitehouse.gov,Female,17175
446,Stirling,CA,strittoncd@hugedomains.com,Agender,32649
447,Mandi,TH,mcirlosce@elegantthemes.com,Female,132710
448,Corabel,AU,ckennycf@livejournal.com,Female,177097
449,Benoite,US,bsparrowcg@google.ru,Female,123460
450,Jocelin,US,jvintench@nytimes.com,Female,41746
451,Hersch,US,hfilasovci@over-blog.com,Genderqueer,116930
452,Arlan,IS,ajakolevitchcj@hugedomains.com,Male,102706
453,Even,RU,ecurryck@cargocollective.com,Genderfluid,17312
454,Selma,SB,sdrayseycl@elpais.com,Female,63539
455,Hamid,US,hlishmundcm@techcrunch.com,Male,136634
456,Uri,MX,umussillicn@discovery.com,Male,39574
457,Fran,US,fkerryco@xrea.com,Male,56787
458,Aldis,BR,aboundcp@army.mil,Male,67427
459,Zulema,PF,zpedrozzicq@huffingtonpost.com,Female,150850
460,Isidoro,ES,iwelsbycr@fema.gov,Male,167482
461,Chadd,MG,cpretorcs@themeforest.net,Male,60592
462,Rowena,ID,rwateridgect@4shared.com,Female,111529
463,Lucina,US,lcloutcu@hao123.com,Female,50867
464,Adam,MX,amapletoftcv@bing.com,Male,62160
465,Scarface,US,siacavonecw@vinaora.com,Male,185615
466,Elora,CA,egaskencx@flavors.me,Female,99697
467,Craggie,CA,crichfordcy@elegantthemes.com,Male,185161
468,Axel,US,abaroschcz@npr.org,Male,123660
469,Logan,NA,llasseyd0@dell.com,Male,102400
470,Anderson,CD,aspellardd1@princeton.edu,Male,77520
471,Tades,FR,tosanned2@photobucket.com,Male,147810
472,Merill,AU,mlitchmored3@aboutads.info,Male,53894
473,Jamesy,OM,jfurmaged4@hugedomains.com,Male,82444
474,Alastair,ID,ascirmand5@sciencedaily.com,Male,94098
475,Clari,US,cwaldrumd6@nsw.gov.au,Female,49214
476,Corry,US,clantiffd7@mapquest.com,Female,69870
477,Stefa,CA,sdawberd8@ifeng.com,Female,114143
478,Eleonora,ZA,eyarnoldd9@etsy.com,Female,146233
479,Barny,US,bbrennenstuhlda@ow.ly,Male,75754
480,Ninnetta,VI,nhawkerdb@baidu.com,Agender,195181
481,Roderigo,NZ,rfellgettdc@twitpic.com,Male,168858
482,Pepillo,CI,pmcquorkelldd@fc2.com,Male,75896
483,Beryl,US,bspellissyde@tripod.com,Female,47631
484,Stanislas,UZ,smilsteddf@apache.org,Male,108973
485,Leigh,US,lhartwelldg@fastcompany.com,Male,149159
486,Sebastiano,BO,saschdh@wiley.com,Male,70482
487,Suzy,US,sheersemadi@squarespace.com,Female,178080
488,Issie,PG,icrippendj@psu.edu,Female,102559
489,Niven,TR,nbowerbankdk@trellian.com,Male,49489
490,Silvan,CU,stalbydl@indiegogo.com,Male,82109
491,Matthus,VN,mattenbarrowdm@reuters.com,Male,139298
492,Walden,FM,wlutondn@g.co,Male,152835
493,Reggis,MP,rdemorenodo@booking.com,Male,68192
494,Brucie,EG,blivettdp@infoseek.co.jp,Male,76312
495,Vinnie,US,vthalmanndq@mediafire.com,Male,196660
496,Ezekiel,CN,epeeledr@noaa.gov,Male,153354
497,Ezechiel,US,enyssensds@walmart.com,Bigender,128952
498,Holmes,CG,hgayterdt@tmall.com,Male,123899
499,Pattie,VN,pglennydu@cocolog-nifty.com,Female,54402
500,Rolph,GB,rpaintaindv@google.com,Male,162663
501,Shermy,US,salthorpedw@guardian.co.uk,Male,142333
502,Jason,RU,jinglesfielddx@odnoklassniki.ru,Male,45873
503,Sunny,AU,swalwooddy@techcrunch.com,Male,111049
504,Audy,CO,agariochdz@huffingtonpost.com,Female,108474
505,Jacquelin,GL,jcatlinge0@creativecommons.org,Female,168108
506,Hermione,SA,hsibune1@comsenz.com,Female,83366
507,Kordula,PE,katrille2@comcast.net,Female,97901
508,Olenolin,US,omacnellye3@businesswire.com,Male,96361
509,Frederico,SE,fmcgrouthere4@lulu.com,Male,117965
510,Jens,CA,jatleee5@devhub.com,Male,175932
511,Tuck,UM,tbatricke6@delicious.com,Male,30896
512,Moss,TR,mbillowse7@berkeley.edu,Male,81170
513,Kania,BR,kleclairee8@europa.eu,Female,151312
514,Red,CN,ragastinae9@ca.gov,Male,177525
515,Myrna,TH,mfieldersea@webmd.com,Genderqueer,56881
516,Allyn,ID,amacardeb@fc2.com,Male,65557
517,Darnell,JP,djankinec@bluehost.com,Male,23045
518,Asia,NG,astilliarded@spiegel.de,Female,162791
519,Normie,BO,nphaupee@ibm.com,Male,134773
520,Valdemar,AU,vgoslandef@loc.gov,Male,168269
521,Giorgi,US,gheightoneg@mail.ru,Male,66894
522,Godfry,US,gtrunchioneh@123-reg.co.uk,Male,139284
523,Danika,SB,dmurthwaiteei@devhub.com,Female,141004
524,Marabel,BR,mderryej@dot.gov,Female,189510
525,Shadow,CO,sbrosettiek@blinklist.com,Male,118689
526,Retha,DO,ranteckiel@cyberchimps.com,Bigender,168559
527,Hagan,US,hbalazinem@github.io,Male,27968
528,Darby,JP,ddrakesen@umn.edu,Female,173373
529,Ephrem,ID,eouldcotteo@domainmarket.com,Male,95069
530,Laurice,SE,lconahyep@shareasale.com,Female,104697
531,Kinny,MX,kbleiereq@state.gov,Male,178249
532,Ase,FJ,agronallerer@yandex.ru,Male,46200
533,Nanete,IT,nsoitouxes@nhs.uk,Female,171463
534,Christopher,KH,chuxsteret@technorati.com,Male,164035
535,Carlotta,BR,cmccathieeu@sciencedirect.com,Female,58699
536,Harland,CO,hwarsopev@ebay.com,Male,44804
537,Faustine,AU,fyitzhakew@unc.edu,Female,179528
538,Hurleigh,SB,htippingex@un.org,Male,85115
539,Rosanne,RU,rmanesey@redcross.org,Female,191376
540,Inger,TH,igiovanizioez@imgur.com,Female,87640
541,Esther,CA,edrewellf0@themeforest.net,Female,180371
542,Davey,PG,ddumberrillf1@addtoany.com,Polygender,34336
543,Pandora,AR,pyarntonf2@goodreads.com,Female,156288
544,Nancey,PG,nrojaf3@ibm.com,Female,100079
545,Hayden,IR,hfolletf4@cmu.edu,Agender,110343
546,Demetrius,IR,dpetrisf5@webs.com,Male,127062
547,Xever,MG,xgravenellf6@addtoany.com,Male,92970
548,Dehlia,US,dbarcaf7@marriott.com,Non-binary,118581
549,Myer,AU,msatcherf8@unc.edu,Male,44717
550,Noby,GL,nslogrovef9@php.net,Male,191405
551,Harriette,CA,hilivefa@bluehost.com,Bigender,69122
552,Aggy,US,aprickettfb@telegraph.co.uk,Agender,161454
553,Judy,AU,jdilstonfc@scientificamerican.com,Female,144006
554,Lincoln,GF,lfarringtonfd@washingtonpost.com,Male,112540
555,Shermie,TJ,sbruckshawfe@creativecommons.org,Agender,190633
556,Kimmy,CN,kfermoyff@cdc.gov,Female,104191
557,Dodie,MR,dcordayfg@webnode.com,Female,156097
558,Jaime,VN,jbovisfh@yellowpages.com,Male,183703
559,Fanchon,IT,fhatliffefi@fotki.com,Genderfluid,32956
560,Rachel,PG,rcucksonfj@craigslist.org,Female,116851
561,Vidovik,IN,vtanfieldfk@sbwire.com,Male,108914
562,Maryjo,CD,mflanneryfl@arstechnica.com,Female,10546
563,Vite,LY,vrampleefm@cornell.edu,Male,114961
564,Frannie,AR,fpurverfn@woothemes.com,Female,136110
565,Pierce,US,pbuckettfo@blogtalkradio.com,Male,74039
566,Starlin,NO,styerfp@apple.com,Female,115475
567,Shina,RU,slittfq@woothemes.com,Female,77356
568,Karrah,JP,kexrolfr@desdev.cn,Female,38356
569,Hephzibah,US,hduckerfs@oakley.com,Female,187061
570,Iolanthe,DZ,iweakleyft@godaddy.com,Female,11909
571,Winnie,MY,wtatumfu@myspace.com,Female,28365
572,Colan,VU,cpavolinifv@yahoo.com,Male,176252
573,Davide,US,dmeiklefw@last.fm,Male,85273
574,Stevie,US,sbeeckfx@slideshare.net,Male,74117
575,Sonnie,KE,sellisfy@tuttocitta.it,Female,19701
576,Bearnard,IT,bblesdillfz@icq.com,Male,140731
577,Monah,US,mtimbrellg0@home.pl,Female,31205
578,Claudina,US,cpoulstong1@sogou.com,Female,91560
579,Caitlin,CA,chodcroftg2@opensource.org,Female,52856
580,Mikey,AU,mgaliag3@51.la,Male,49687
581,Dannel,BR,dpowlingg4@senate.gov,Male,65082
582,Sarita,GB,spendlentong5@mail.ru,Female,33875
583,Aldis,BF,alyndong6@123-reg.co.uk,Male,58044
584,Val,IM,vchafferg7@slate.com,Male,168550
585,Eugene,CA,egandertong8@google.cn,Male,138088
586,Gerald,US,gvansaltsbergg9@gmpg.org,Genderqueer,167199
587,Val,AU,vlytlega@google.com.hk,Male,123145
588,Darlene,ID,dmcchruitergb@bbc.co.uk,Female,24167
589,Davide,PG,ddorsaygc@home.pl,Polygender,121368
590,Milt,KI,mcounsellgd@dedecms.com,Male,106729
591,Daron,JP,dspurdonge@blogger.com,Male,179778
592,Octavia,JP,oroseamangf@alexa.com,Female,11510
593,Shandeigh,ZA,skieldgg@merriam-webster.com,Female,157388
594,Shae,AU,snolligh@ibm.com,Male,152145
595,Quintana,CN,qollerearnshawgi@flavors.me,Polygender,100405
596,Janith,CA,jfeldbringj@pinterest.com,Female,190015
597,Nicolai,AU,nmoxsongk@tamu.edu,Male,168029
598,Courtnay,CA,cheifergl@ox.ac.uk,Female,159441
599,Ly,PG,llilbournegm@g.co,Male,133517
600,Marya,PK,mkirkhamgn@cornell.edu,Female,29596
601,Bryon,PG,bjurcago@themeforest.net,Male,41584
602,Eamon,SI,evigergp@geocities.jp,Agender,73298
603,Ruprecht,LA,rsparkwellgq@nhs.uk,Male,81105
604,Jazmin,US,jbechegr@youtu.be,Female,35483
605,Dee,US,dviccarsgs@livejournal.com,Female,75976
606,Lynea,CA,lmilvarniegt@networksolutions.com,Female,57994
607,Marin,PG,mbiertongu@altervista.org,Female,67069
608,Rene,AU,rhollebongv@newsvine.com,Male,73313
609,Oliver,GY,ostaffordgw@fema.gov,Male,10413
610,Hamish,PG,hcordreygx@hexun.com,Male,119082
611,Norton,AU,nscusegy@springer.com,Male,24510
612,Cullan,US,ckyndergz@theatlantic.com,Male,46798
613,Alecia,NP,apetroulish0@stumbleupon.com,Female,131361
614,Arvin,AU,atwintermanh1@sourceforge.net,Male,71784
615,Kevyn,GA,kscarceh2@google.ru,Female,185782
616,Danell,DE,dweinsh3@google.co.uk,Female,177423
617,Nikita,MX,nfaloonh4@wikispaces.com,Genderqueer,153403
618,Ignatius,AO,iparlatth5@macromedia.com,Male,165262
619,Roz,US,rmetherellh6@furl.net,Female,44086
620,Judy,PK,jelfordh7@sogou.com,Female,101898
621,Erminie,GE,epointinh8@linkedin.com,Female,32850
622,Ravi,BQ,rgatecliffh9@noaa.gov,Male,181865
623,Paige,CO,pjoisceha@opera.com,Male,60547
624,Odele,SS,otesmondhb@weebly.com,Female,196067
625,Elsie,BR,efairleyhc@arizona.edu,Female,24722
626,Daisy,TZ,dbeereshd@facebook.com,Female,42495
627,Rozanna,US,ryoseloffhe@ted.com,Female,155113
628,Rey,US,rocassidyhf@multiply.com,Female,122254
629,Salmon,PF,sstanleyhg@admin.ch,Male,114424
630,Tybalt,US,ttzarkovhh@simplemachines.org,Male,146486
631,Shellysheldon,BR,switherdenhi@yandex.ru,Male,190819
632,Giorgi,US,gmasdonhj@microsoft.com,Male,147877
633,Mauricio,IN,mabarrowhk@canalblog.com,Male,111197
634,Brita,US,bdickmanhl@goo.gl,Female,121547
635,Raye,RU,rgullimanhm@house.gov,Female,82385
636,Gabi,AU,gcornewallhn@is.gd,Male,182458
637,Frannie,RU,fmarchbankho@arizona.edu,Male,39841
638,Elnora,SK,ejonuzihp@about.me,Female,54653
639,Ado,ZA,afursthq@bbb.org,Male,80467
640,Eda,HN,ejagiellohr@fema.gov,Female,120171
641,Maddie,NP,mschroderhs@squidoo.com,Male,10779
642,Nicoli,US,ncrateht@rediff.com,Female,69126
643,Davida,HU,dschubuserhu@istockphoto.com,Female,17892
644,Karoline,PH,kmcgouganhv@businessweek.com,Female,172517
645,Tommy,PF,tomaileyhw@nps.gov,Male,17862
646,Dosi,US,dhindrichhx@indiatimes.com,Female,80809
647,Nomi,US,njouanetonhy@free.fr,Female,199790
648,Caleb,AE,cmacdiarmondhz@huffingtonpost.com,Male,33999
649,Sinclair,MX,sbarrsi0@tripadvisor.com,Male,133946
650,Clemens,AT,ccalvardi1@soundcloud.com,Male,179593
651,Dion,ID,dleverichi2@aol.com,Female,51239
652,Salvador,DO,srymmeri3@yolasite.com,Male,162570
653,Clarey,CO,cdevaeni4@forbes.com,Female,107487
654,Brody,ES,bjacquemineti5@examiner.com,Male,170752
655,Zacherie,CO,zionni6@devhub.com,Male,162358
656,Linn,US,lswetlandi7@bravesites.com,Male,185917
657,Kristal,TH,knaveini8@naver.com,Female,13520
658,Jakob,US,jdemelti9@csmonitor.com,Male,122381
659,Dian,US,dswatheridgeia@smh.com.au,Female,58531
660,Christos,CA,colpinib@washington.edu,Male,137512
661,Chico,BR,csearesic@ucsd.edu,Male,28325
662,Aile,MZ,achippsid@unc.edu,Female,125702
663,Cindi,SC,cplaisterie@prnewswire.com,Female,113858
664,Shem,US,sconstantif@spiegel.de,Male,10927
665,Hi,IN,hhuttenig@ameblo.jp,Male,79898
666,Vikky,NP,vreuvenih@walmart.com,Female,169823
667,Zorah,ZA,zphilippouii@friendfeed.com,Female,74080
668,Pauline,US,pbutlerbowdonij@sourceforge.net,Genderqueer,177631
669,Milena,US,mguilaynik@ifeng.com,Female,187058
670,Ashlie,US,aborellil@techcrunch.com,Female,10731
671,Anallese,GB,acrosoerim@omniture.com,Non-binary,88693
672,Aurthur,US,avousdenin@friendfeed.com,Bigender,29439
673,Brannon,US,bpowderhamio@google.ca,Male,196065
674,Joe,FR,jgeistmannip@e-recht24.de,Male,53096
675,Glenden,US,glawleriq@imgur.com,Male,89819
676,Clair,US,cdesouzair@delicious.com,Male,18464
677,Jenni,US,jwickershamis@washington.edu,Female,26044
678,Terry,CL,tsecombeit@hc360.com,Male,70525
679,Rossy,IE,rcarstairsiu@ow.ly,Male,174167
680,Glynda,US,gmedinaiv@symantec.com,Non-binary,19439
681,Keven,MY,kspeachleyiw@samsung.com,Male,63652
682,Hope,GB,hgilsthorpeix@storify.com,Female,185667
683,Barnie,SO,blethcoeiy@parallels.com,Genderfluid,134553
684,Boniface,AR,bildeniz@theatlantic.com,Male,154171
685,Reinhold,PK,rcrasfordj0@shareasale.com,Male,38944
686,Trixi,EH,tbrayfieldj1@exblog.jp,Female,139415
687,Nyssa,US,ngillmorj2@smugmug.com,Female,76003
688,Cad,IN,cglasscockj3@kickstarter.com,Male,119933
689,Caritta,PF,cgotcherj4@cyberchimps.com,Female,172592
690,Murdock,RU,mfulkj5@jalbum.net,Male,195493
691,Daphene,MM,ddhillonj6@drupal.org,Agender,134181
692,Meryl,US,mkarpenkoj7@nps.gov,Female,21119
693,Carilyn,AU,clintillj8@hhs.gov,Female,123363
694,Branden,CA,bcawsbyj9@java.com,Non-binary,139356
695,Bron,US,bbeeversja@columbia.edu,Male,24682
696,Meggy,AR,mbarbarajb@goo.ne.jp,Female,25677
697,Ardine,AU,apetrillojc@admin.ch,Female,74408
698,Chelsea,CN,cnaultyjd@senate.gov,Female,120781
699,Jilleen,NP,jvaggje@telegraph.co.uk,Female,138843
700,Alicea,MG,alosemannjf@themeforest.net,Female,143537
701,Kandy,ID,kthiemejg@foxnews.com,Female,132621
702,Stuart,TG,shuyghejh@microsoft.com,Male,48898
703,Kalle,CO,kfippeji@rakuten.co.jp,Male,118194
704,Roldan,NZ,rstearsjj@ox.ac.uk,Genderqueer,88597
705,Ellerey,AR,eayliffejk@reddit.com,Male,58236
706,Deane,US,dmcgorleyjl@washingtonpost.com,Agender,186373
707,Jobina,AU,jraulinjm@tinypic.com,Female,61126
708,Sabina,HN,skingsworthjn@amazonaws.com,Female,54256
709,Griffie,PG,gjoysonjo@ocn.ne.jp,Male,146343
710,Cahra,US,carrighijp@moonfruit.com,Female,74618
711,Arlina,MG,agirtjq@google.ca,Female,96946
712,Valeda,IN,vtarbinjr@house.gov,Non-binary,90765
713,Tiertza,AO,tkerwoodjs@multiply.com,Female,199235
714,Bucky,PG,bstihljt@simplemachines.org,Male,86258
715,Celia,DZ,cscuffhamju@sakura.ne.jp,Female,42371
716,Barret,US,bbanbridgejv@hostgator.com,Male,77174
717,Moselle,ID,mhedaujw@deliciousdays.com,Genderfluid,90073
718,Helenka,BR,hstanningjx@vkontakte.ru,Female,50360
719,Thorin,LY,tledsonjy@e-recht24.de,Male,146274
720,Hakim,US,hhincejz@blog.com,Male,95055
721,La verne,PK,lthickensk0@army.mil,Bigender,191527
722,Ezra,PG,etotmank1@smugmug.com,Male,43720
723,Carly,BR,cingerk2@usa.gov,Male,53750
724,Alexandros,IN,areeksk3@opera.com,Male,36722
725,Damiano,DE,dmeltonk4@csmonitor.com,Male,24884
726,Jared,AU,jduthyk5@kickstarter.com,Male,36744
727,Menard,ID,mfidelusk6@businessinsider.com,Male,52015
728,Durand,CA,dmorsheadk7@nbcnews.com,Male,156297
729,Lainey,US,lgreatexk8@time.com,Female,14329
730,Bryant,IT,bborgesiok9@w3.org,Male,81042
731,Ophelie,US,olyptritka@ed.gov,Female,157095
732,Gwenore,MM,gpetruschkb@arizona.edu,Female,100842
733,Roselia,PT,rcrightonkc@mit.edu,Female,45449
734,Laetitia,CL,lmchardykd@tinypic.com,Female,30767
735,Lorena,PG,lteaseke@army.mil,Female,152898
736,Garner,GH,gosmundkf@twitpic.com,Male,116144
737,Cinnamon,ID,chourstonkg@lycos.com,Female,111141
738,Worthington,MR,wdonnersbergkh@apple.com,Male,70903
739,Marti,TW,mrannieki@msu.edu,Female,70747
740,Eldridge,CA,epittolikj@ucoz.com,Male,10980
741,Che,US,cpinkstonekk@printfriendly.com,Male,94782
742,Rodina,BR,rselfkl@ihg.com,Female,25466
743,Renault,AR,rcoselykm@pcworld.com,Male,179770
744,Iggy,US,ibindonkn@ft.com,Male,138287
745,Katina,PG,kwoodsko@163.com,Female,58648
746,Tammara,PY,teschalottekp@wix.com,Female,189532
747,Fianna,BW,fbarrablekq@gnu.org,Female,12095
748,Ruthe,JP,rwealdkr@businessweek.com,Female,74223
749,Blair,MY,browlstoneks@digg.com,Bigender,159907
750,Boniface,KH,bmasdingkt@amazon.co.jp,Male,10166
751,Jeana,IR,jjuddku@lycos.com,Female,56551
752,Shelby,US,sphupratekv@merriam-webster.com,Male,106618
753,Debor,MX,dratcliffkw@biblegateway.com,Female,189130
754,Vernon,NO,vmuinokx@oakley.com,Male,177339
755,Morly,UZ,mspearesky@last.fm,Male,191349
756,Seymour,DZ,saingekz@about.com,Male,90571
757,Linette,ES,lvasilchenkol0@posterous.com,Female,88675
758,Howie,ET,hgoodfellowel1@phpbb.com,Male,173462
759,Vaclav,ES,vwesternl2@booking.com,Male,77973
760,Glyn,PF,galekseicikl3@flavors.me,Female,145291
761,Lek,PF,lnotherl4@bigcartel.com,Male,80326
762,Hope,BR,hsharplingl5@mtv.com,Genderfluid,50763
763,Cirstoforo,SE,calredl6@umich.edu,Male,131261
764,Michaela,HK,mmcveaghl7@yahoo.co.jp,Female,173259
765,Christin,PY,coldfieldl8@aol.com,Female,35583
766,Ronica,CA,rfennyl9@homestead.com,Female,57620
767,Cherlyn,US,cmissenla@digg.com,Genderfluid,176901
768,Augustine,PL,adominkalb@twitpic.com,Male,180709
769,Stanly,PH,slaugharnelc@indiatimes.com,Bigender,27776
770,Aurilia,US,atremouletld@mit.edu,Female,15125
771,Jozef,FR,jsteblesle@cyberchimps.com,Male,151375
772,Locke,AF,ldollinlf@senate.gov,Male,24848
773,Sammy,US,sosbournelg@utexas.edu,Female,107348
774,Elnore,US,espraguelh@ted.com,Female,123915
775,Vivyanne,US,vbridgesli@unblog.fr,Female,19848
776,Leodora,CO,llarwoodlj@taobao.com,Female,197931
777,Jenny,SA,jrhymelk@vk.com,Female,61318
778,Johnna,US,jraynorll@patch.com,Agender,197878
779,Rhea,US,rthickenslm@cnn.com,Female,194048
780,Modesta,US,mstonhouseln@ft.com,Female,138741
781,Lia,CI,lwheatlandlo@google.ru,Female,72479
782,Glynn,DK,glevicountlp@trellian.com,Male,46588
783,Reade,FR,rgrinikhinlq@google.fr,Male,96557
784,Jelene,CN,jjaggslr@cornell.edu,Female,59023
785,Estelle,IT,ewhitelawls@apache.org,Female,48107
786,Edith,BO,ekensingtonlt@marriott.com,Female,52025
787,Rik,SE,rmcbrierlu@indiatimes.com,Male,109648
788,Modestia,GP,mpheasantlv@typepad.com,Female,68938
789,Lyn,NA,lblackabylw@addthis.com,Male,34192
790,Vasili,CN,vstazikerlx@slashdot.org,Male,126437
791,Nanette,IL,ncorkely@trellian.com,Female,77918
792,Kiri,KE,kderbyshirelz@topsy.com,Female,112362
793,Teriann,US,tgajewskim0@clickbank.net,Female,138619
794,Madlin,VU,mglasscottm1@bbb.org,Female,129219
795,Kylie,CA,kbourdicem2@ftc.gov,Female,108540
796,Dur,US,ddaddsm3@netvibes.com,Male,141900
797,Dorthea,CI,dedwinm4@china.com.cn,Female,117428
798,Gilbertina,ID,gmccumeskym5@disqus.com,Female,105033
799,Saundra,JP,seakleym6@spotify.com,Male,119564
800,Asia,PG,achoffinm7@google.it,Female,117268
801,Berky,DE,bschneidaum8@tinypic.com,Male,150499
802,Noll,SN,nbenardetm9@ted.com,Male,36708
803,Dareen,AF,dwynchma@redcross.org,Female,179487
804,Brunhilde,ML,bjollimanmb@typepad.com,Female,165249
805,Wallie,PK,wdillicatemc@biblegateway.com,Female,111269
806,Cathee,US,cepiscopimd@merriam-webster.com,Female,52619
807,West,IT,wbarhamsme@stumbleupon.com,Agender,80042
808,Irwin,BR,ihiommf@cafepress.com,Male,70834
809,Lorain,CN,lhardwinmg@yelp.com,Female,199366
810,Zonda,CI,zbeauvaismh@privacy.gov.au,Genderfluid,71857
811,Neall,US,nclewarthmi@macromedia.com,Male,145368
812,Elihu,US,emanicombmj@abc.net.au,Male,70043
813,Sayers,CU,sbrookermk@cdc.gov,Male,141737
814,Frederica,SE,fruskml@lulu.com,Agender,108839
815,Jackson,ID,jgynnmm@addthis.com,Male,108661
816,Thomasine,US,tgumleymn@ezinearticles.com,Female,134393
817,Ema,CA,eofallonemo@mapquest.com,Female,31713
818,Michelina,CN,mbeaufoymp@yahoo.co.jp,Female,40708
819,Wiley,CA,wbrickdalemq@google.com.br,Male,85589
820,Silva,GR,scraftermr@digg.com,Female,148843
821,Bentlee,RU,bduckettms@youtube.com,Male,145185
822,Ali,ZA,agrowcockmt@fastcompany.com,Female,37019
823,Bailey,PF,bmullettmu@nsw.gov.au,Male,64839
824,Roxi,ZA,rmccullochmv@purevolume.com,Female,178319
825,Hurlee,AU,hbuckberrymw@reddit.com,Genderqueer,61719
826,Tanner,UG,tfintophmx@amazon.de,Male,138130
827,Ninnette,MX,ncodlingmy@photobucket.com,Female,151346
828,Chaunce,RU,cbroadbearmz@va.gov,Male,106409
829,Winn,BR,wchallensn0@toplist.cz,Male,62993
830,Seth,CO,sbotterilln1@cnet.com,Male,168248
831,Harwilll,RU,hortnern2@hao123.com,Male,192804
832,Rourke,US,ryanshonokn3@uiuc.edu,Male,87853
833,Gunter,US,gpahln4@washingtonpost.com,Non-binary,164614
834,Celie,CO,cspearn5@abc.net.au,Female,68239
835,Linc,PH,ldundonn6@nationalgeographic.com,Male,28839
836,Selby,LK,sshimwalln7@springer.com,Male,192376
837,Hermine,GL,hpettersn8@hhs.gov,Female,194222
838,Joann,US,jcrucittin9@geocities.com,Female,28710
839,Michel,PA,mkubatschna@mysql.com,Male,19715
840,Willdon,US,wskatesnb@dropbox.com,Male,123026
841,Latia,IR,lpurvissnc@privacy.gov.au,Agender,112813
842,Margi,BG,mledsternd@tmall.com,Female,28725
843,Stefan,CA,sriglerne@lulu.com,Male,49591
844,Michell,DZ,mgarthlandnf@virginia.edu,Female,25037
845,Marlowe,BR,mshreeveng@eepurl.com,Male,58434
846,Web,US,wmaxsteadnh@devhub.com,Male,70672
847,Lorry,BR,lschimonini@imgur.com,Male,40729
848,Justen,PG,jfrosdicknj@mac.com,Male,145017
849,Elva,CA,ebeedhamnk@howstuffworks.com,Female,197245
850,Nevins,FJ,nhalgarthnl@canalblog.com,Male,179116
851,Maudie,SN,mdakhnonm@latimes.com,Female,181288
852,Tobin,US,tskottlenn@seattletimes.com,Male,178808
853,Tull,RU,tbullantno@hubpages.com,Male,49073
854,Elly,CA,espilsburynp@hibu.com,Female,116486
855,Carmelina,US,cmonkmannq@google.com.br,Female,177636
856,Lib,US,lcassynr@chronoengine.com,Polygender,28778
857,Yancey,US,yhanburryns@ning.com,Male,103434
858,Cassi,US,cyeowellnt@goo.ne.jp,Female,153677
859,Ethelred,CM,echenerynu@google.com,Male,133450
860,Kizzee,ID,kpulsfordnv@123-reg.co.uk,Female,171107
861,Blayne,US,bhemmsnw@free.fr,Male,91821
862,Arvy,US,ablunnnx@nbcnews.com,Male,137405
863,Casar,BR,cclementeny@mediafire.com,Non-binary,113249
864,Theadora,JP,tjerroltnz@ucsd.edu,Female,94575
865,Euell,MY,ematanino0@parallels.com,Male,78951
866,Sarene,PA,skardosstoweo1@hc360.com,Female,183676
867,Jennica,IS,jsmickleo2@addtoany.com,Female,77045
868,Davie,ID,dscarffo3@prnewswire.com,Male,121098
869,Harald,CA,hotimonyo4@godaddy.com,Male,45544
870,Norman,MZ,nlatheeo5@blogs.com,Male,120008
871,Mercedes,BR,mkingeo6@clickbank.net,Female,179491
872,Kingsley,MM,knormabello7@domainmarket.com,Male,116320
873,Anstice,AU,ablackero8@economist.com,Female,75613
874,Catharina,US,cpinaro9@comcast.net,Bigender,192069
875,Hali,GA,heastonoa@time.com,Female,84128
876,Gwenette,PA,gpickerillob@usa.gov,Female,29874
877,Vincenty,BR,vansleyoc@mayoclinic.com,Male,148366
878,Peder,CN,pgradleyod@wiley.com,Male,59744
879,Morgun,TD,mbiermatowiczoe@wsj.com,Male,30550
880,Carleton,BR,cgovinlockof@163.com,Male,162582
881,Orsa,US,owebbog@1und1.de,Female,190937
882,Andrea,AU,aleysoh@slideshare.net,Male,165641
883,Ephrayim,MM,eathoweoi@google.ca,Male,130683
884,Blanche,ML,bkikeoj@cam.ac.uk,Female,155223
885,Antons,MP,abrunnerok@utexas.edu,Male,45504
886,Francyne,US,fsconeol@ebay.com,Female,54654
887,Rafaelita,CH,rsmittouneom@360.cn,Female,130387
888,Turner,US,tgiraldonon@slideshare.net,Male,55602
889,Melodee,GH,mtwohigoo@netvibes.com,Female,49439
890,Erl,BD,elambdeanop@arstechnica.com,Male,35093
891,Granville,CO,geidelmanoq@apache.org,Male,109732
892,Marna,US,mreadyor@alibaba.com,Female,173399
893,Jozef,VI,jtannos@fotki.com,Male,91955
894,Pavla,CA,pmccoshot@printfriendly.com,Female,171109
895,Lelah,BI,ldurdyou@ameblo.jp,Female,97398
896,Filberto,GH,ffiddymentov@seesaa.net,Male,109204
897,Giorgi,AU,gjouanotow@reddit.com,Male,194639
898,Jeannette,US,jcislandox@behance.net,Female,138400
899,Pooh,US,pberendsoy@google.ca,Male,99751
900,Augy,LK,apoppletonoz@plala.or.jp,Male,160435
901,Joell,IT,jdeblep0@t-online.de,Female,16291
902,Zane,BR,zmitchinsonp1@sciencedaily.com,Male,88118
903,Carlynne,US,cleflemingp2@nsw.gov.au,Female,175438
904,Edgard,CN,ebinderp3@technorati.com,Male,37427
905,Astrix,AU,agunp4@fc2.com,Female,58124
906,Olwen,PY,obridgensp5@flavors.me,Non-binary,188755
907,Chic,UA,cfelminghamp6@cnet.com,Male,153808
908,Isidora,GW,ivondrasekp7@vistaprint.com,Female,16221
909,Susanna,US,sbananep8@ning.com,Female,75092
910,Richmound,US,rdeasonp9@army.mil,Male,16463
911,Charles,AU,cfolshompa@yellowpages.com,Male,35421
912,Orel,US,oanselmipb@opera.com,Female,102326
913,Michail,PF,mdownepc@stumbleupon.com,Male,166589
914,Sheffy,PK,swilsonpd@businessinsider.com,Male,197091
915,Inger,EG,ikieranpe@hp.com,Female,194000
916,Ilaire,IN,ihynepf@chron.com,Male,160537
917,Charlotte,CN,cfarnorthpg@sogou.com,Female,154789
918,Yardley,BR,yjerminph@usda.gov,Male,88099
919,Roselle,US,ragarpi@gnu.org,Female,75931
920,Jarid,AU,jprenpj@histats.com,Male,86450
921,Dorian,JM,dmurrpk@princeton.edu,Male,136580
922,Weidar,AU,wdrooganpl@gnu.org,Male,189619
923,Forester,US,fpurypm@mediafire.com,Male,170521
924,Rogers,MV,ryurmanovevpn@tiny.cc,Male,182261
925,Urban,JP,uvidineevpo@prweb.com,Male,133853
926,Dacy,YE,ddullinghampp@shinystat.com,Female,70615
927,Alleen,CN,awetheraldpq@ox.ac.uk,Female,72638
928,Huntlee,MA,hdanzelmanpr@va.gov,Male,33493
929,Ella,AU,ebethops@list-manage.com,Female,13817
930,Sigfrid,CN,skernaghanpt@photobucket.com,Male,116248
931,Annabelle,TN,ahempelpu@theglobeandmail.com,Female,100241
932,Audrye,US,ahaggerstonpv@about.com,Female,154062
933,Sashenka,BG,selphinstonepw@hc360.com,Female,85065
934,Jere,US,jjonsonpx@alibaba.com,Male,171355
935,Casper,MR,cmunkleypy@usgs.gov,Male,66428
936,Teena,DZ,tmussenpz@shinystat.com,Female,135552
937,Brittan,KI,btallowq0@nature.com,Female,170995
938,Robbie,MN,rwalkdenq1@bbb.org,Male,187847
939,Tyler,RU,tdecullipq2@vistaprint.com,Male,138155
940,Nedi,PH,ndegoixq3@ebay.com,Female,194264
941,Giuseppe,CO,gchurchillq4@wix.com,Male,121168
942,Gert,MX,gwimesq5@comcast.net,Female,174481
943,Bette-ann,PT,bskowcraftq6@xinhuanet.com,Female,170464
944,Anthea,SS,avaughtonq7@squarespace.com,Female,174951
945,Aleta,KZ,adanielssonq8@g.co,Female,29155
946,Melisent,HR,mohdirscollq9@wix.com,Female,103651
947,Elisha,US,ebarrarqa@bbb.org,Male,185373
948,Darb,PA,dbegginiqb@bravesites.com,Female,100919
949,Willy,BR,wkermitqc@soup.io,Male,111272
950,Dianna,CA,dbarryqd@digg.com,Female,25403
951,Brooks,AU,bspykinsqe@parallels.com,Female,60545
952,Waldo,US,wkezarqf@networkadvertising.org,Male,108273
953,Wayland,CA,wtregentqg@ebay.com,Male,187322
954,Caron,RO,chussyqh@cpanel.net,Female,103085
955,Tommy,RU,thengoedqi@usa.gov,Male,103263
956,Blaire,US,brussenqj@alexa.com,Bigender,169706
957,Ellene,JP,eipwellqk@ucoz.ru,Female,104912
958,Tami,CA,tradmoreql@over-blog.com,Female,147535
959,Charla,RU,cgiroldiqm@freewebs.com,Female,137052
960,Alice,GU,arhymerqn@netscape.com,Female,173468
961,Gasparo,CF,gbointonqo@msn.com,Male,195928
962,Pincus,PH,pmartelloqp@fotki.com,Genderqueer,31741
963,Yankee,AU,ygirardqq@weibo.com,Male,178745
964,Karylin,US,kcamilleriqr@lulu.com,Female,199334
965,Abbye,DK,acicchettoqs@apple.com,Genderfluid,107155
966,Craggie,PK,charuardqt@so-net.ne.jp,Male,135101
967,Guntar,IR,gbridgwaterqu@pinterest.com,Male,183130
968,Stanislas,CN,sdeetlefsqv@edublogs.org,Male,65358
969,Tommie,BR,ttotheqw@istockphoto.com,Female,78938
970,Karl,TR,kfortesquieuqx@netscape.com,Male,157107
971,Olwen,VU,oassonqy@xinhuanet.com,Female,13202
972,Adriena,US,agiovaniqz@angelfire.com,Female,90962
973,Ernaline,MY,emurtellr0@purevolume.com,Female,153579
974,Jessey,CH,jgriolir1@sciencedaily.com,Male,94843
975,Lucie,RO,lelliffr2@usa.gov,Female,51736
976,Larine,AF,lcharpinr3@pbs.org,Female,168325
977,Itch,IT,idibbertr4@prnewswire.com,Male,12130
978,Elia,AO,eboldockr5@japanpost.jp,Male,77768
979,Zonnya,CA,zhamonr6@omniture.com,Female,143315
980,Francoise,CA,farmsteadr7@foxnews.com,Female,186301
981,Gene,CN,ggirauldr8@senate.gov,Female,64252
982,Veda,US,vcruickshankr9@meetup.com,Female,154468
983,Ernie,US,elocksleyra@washington.edu,Male,24546
984,Ramon,US,rdiglerb@mayoclinic.com,Genderfluid,143499
985,Lurette,RU,lgobbetrc@bbc.co.uk,Female,94234
986,Nikolaus,JP,nkilleleyrd@sun.com,Male,178484
987,Sigfried,AU,stimminsre@skyrock.com,Male,31088
988,Rivkah,EG,rlawelesrf@yahoo.co.jp,Female,88278
989,Levin,GR,lspeirrg@webmd.com,Male,106305
990,Raphaela,BZ,rtruwertrh@sina.com.cn,Female,26809
991,Ariana,MA,ajekyllri@blog.com,Female,106185
992,Tracy,US,tdiruggerorj@earthlink.net,Male,199338
993,Salvatore,MY,swardlawrk@csmonitor.com,Male,86803
994,Jerald,US,jdownsrl@npr.org,Male,152576
995,Rivkah,PG,rgerdesrm@networksolutions.com,Female,91066
996,Gib,AU,gredholesrn@nyu.edu,Male,174814
997,Cthrine,ID,cwhitebrookro@statcounter.com,Female,128299
998,Garrett,CI,gjenksrp@fema.gov,Male,197000
999,Rancell,US,rtrazzirq@earthlink.net,Male,84385
1000,Grove,BR,gcareswellrr@pcworld.com,Male,197446
